email,Salutation,firstName,lastName,mobilePhone
EMP001@gmail.com,Mr,Saint,Paul,5464545
EMP002@gmail.com,Mr,Saint,Paul,5464545
EMP003a@gmail.com,Mr,Saint,Paul,5464545
EMP004a@gmail.com,Mr,Saint,Paul,5464545
EMP005a@gmail.com,Mr,Saint,Paul,5464545
EMP006a@gmail.com,Mr,Saint,Paul,5464545
EMP007a@gmail.com,Mr,Saint,Paul,5464545
EMP008a@gmail.com,Mr,Saint,Paul,5464545
EMP009a@gmail.com,Mr,Saint,Paul,5464545
EMP010a@gmail.com,Mr,Saint,Paul,5464545
EMP011a@gmail.com,Mr,Saint,Paul,5464545
EMP012a@gmail.com,Mr,Saint,Paul,5464545
EMP013a@gmail.com,Mr,Saint,Paul,5464545
EMP014a@gmail.com,Mr,Saint,Paul,5464545
EMP015a@gmail.com,Mr,Saint,Paul,5464545
EMP016a@gmail.com,Mr,Saint,Paul,5464545
EMP017a@gmail.com,Mr,Saint,Paul,5464545
EMP018a@gmail.com,Mr,Saint,Paul,5464545
EMP019a@gmail.com,Mr,Saint,Paul,5464545
EMP020a@gmail.com,Mr,Saint,Paul,5464545
EMP021a@gmail.com,Mr,Saint,Paul,5464545
EMP022a@gmail.com,Mr,Saint,Paul,5464545
EMP023a@gmail.com,Mr,Saint,Paul,5464545
EMP024a@gmail.com,Mr,Saint,Paul,5464545
EMP025a@gmail.com,Mr,Saint,Paul,5464545
EMP026a@gmail.com,Mr,Saint,Paul,5464545
EMP027a@gmail.com,Mr,Saint,Paul,5464545
EMP028a@gmail.com,Mr,Saint,Paul,5464545
EMP029a@gmail.com,Mr,Saint,Paul,5464545
EMP030a@gmail.com,Mr,Saint,Paul,5464545
EMP031a@gmail.com,Mr,Saint,Paul,5464545
EMP032a@gmail.com,Mr,Saint,Paul,5464545
EMP033a@gmail.com,Mr,Saint,Paul,5464545
EMP034a@gmail.com,Mr,Saint,Paul,5464545
EMP035a@gmail.com,Mr,Saint,Paul,5464545
EMP036a@gmail.com,Mr,Saint,Paul,5464545
EMP037a@gmail.com,Mr,Saint,Paul,5464545
EMP038a@gmail.com,Mr,Saint,Paul,5464545
EMP039a@gmail.com,Mr,Saint,Paul,5464545
EMP040a@gmail.com,Mr,Saint,Paul,5464545
EMP041a@gmail.com,Mr,Saint,Paul,5464545
EMP042a@gmail.com,Mr,Saint,Paul,5464545
EMP043a@gmail.com,Mr,Saint,Paul,5464545
EMP044a@gmail.com,Mr,Saint,Paul,5464545
EMP045a@gmail.com,Mr,Saint,Paul,5464545
EMP046a@gmail.com,Mr,Saint,Paul,5464545
EMP047a@gmail.com,Mr,Saint,Paul,5464545
EMP048a@gmail.com,Mr,Saint,Paul,5464545
EMP049a@gmail.com,Mr,Saint,Paul,5464545
EMP050a@gmail.com,Mr,Saint,Paul,5464545
EMP051a@gmail.com,Mr,Saint,Paul,5464545
EMP052a@gmail.com,Mr,Saint,Paul,5464545
EMP053a@gmail.com,Mr,Saint,Paul,5464545
EMP054a@gmail.com,Mr,Saint,Paul,5464545
EMP055a@gmail.com,Mr,Saint,Paul,5464545
EMP056a@gmail.com,Mr,Saint,Paul,5464545
EMP057a@gmail.com,Mr,Saint,Paul,5464545
EMP058a@gmail.com,Mr,Saint,Paul,5464545
EMP059a@gmail.com,Mr,Saint,Paul,5464545
EMP060a@gmail.com,Mr,Saint,Paul,5464545
EMP061a@gmail.com,Mr,Saint,Paul,5464545
EMP062a@gmail.com,Mr,Saint,Paul,5464545
EMP063a@gmail.com,Mr,Saint,Paul,5464545
EMP064a@gmail.com,Mr,Saint,Paul,5464545
EMP065a@gmail.com,Mr,Saint,Paul,5464545
EMP066a@gmail.com,Mr,Saint,Paul,5464545
EMP067a@gmail.com,Mr,Saint,Paul,5464545
EMP068a@gmail.com,Mr,Saint,Paul,5464545
EMP069a@gmail.com,Mr,Saint,Paul,5464545
EMP070a@gmail.com,Mr,Saint,Paul,5464545
EMP071a@gmail.com,Mr,Saint,Paul,5464545
EMP072a@gmail.com,Mr,Saint,Paul,5464545
EMP073a@gmail.com,Mr,Saint,Paul,5464545
EMP074a@gmail.com,Mr,Saint,Paul,5464545
EMP075a@gmail.com,Mr,Saint,Paul,5464545
EMP076a@gmail.com,Mr,Saint,Paul,5464545
EMP077a@gmail.com,Mr,Saint,Paul,5464545
EMP078a@gmail.com,Mr,Saint,Paul,5464545
EMP079a@gmail.com,Mr,Saint,Paul,5464545
EMP080a@gmail.com,Mr,Saint,Paul,5464545
EMP081a@gmail.com,Mr,Saint,Paul,5464545
EMP082a@gmail.com,Mr,Saint,Paul,5464545
EMP083a@gmail.com,Mr,Saint,Paul,5464545
EMP084a@gmail.com,Mr,Saint,Paul,5464545
EMP085a@gmail.com,Mr,Saint,Paul,5464545
EMP086a@gmail.com,Mr,Saint,Paul,5464545
EMP087a@gmail.com,Mr,Saint,Paul,5464545
EMP088a@gmail.com,Mr,Saint,Paul,5464545
EMP089a@gmail.com,Mr,Saint,Paul,5464545
EMP090a@gmail.com,Mr,Saint,Paul,5464545
EMP091a@gmail.com,Mr,Saint,Paul,5464545
EMP092a@gmail.com,Mr,Saint,Paul,5464545
EMP093a@gmail.com,Mr,Saint,Paul,5464545
EMP094a@gmail.com,Mr,Saint,Paul,5464545
EMP095a@gmail.com,Mr,Saint,Paul,5464545
EMP096a@gmail.com,Mr,Saint,Paul,5464545
EMP097a@gmail.com,Mr,Saint,Paul,5464545
EMP098a@gmail.com,Mr,Saint,Paul,5464545
EMP099a@gmail.com,Mr,Saint,Paul,5464545
EMP100a@gmail.com,Mr,Saint,Paul,5464545
EMP101a@gmail.com,Mr,Saint,Paul,5464545
EMP102a@gmail.com,Mr,Saint,Paul,5464545
EMP103a@gmail.com,Mr,Saint,Paul,5464545
EMP104a@gmail.com,Mr,Saint,Paul,5464545
EMP105a@gmail.com,Mr,Saint,Paul,5464545
EMP106a@gmail.com,Mr,Saint,Paul,5464545
EMP107a@gmail.com,Mr,Saint,Paul,5464545
EMP108a@gmail.com,Mr,Saint,Paul,5464545
EMP109a@gmail.com,Mr,Saint,Paul,5464545
EMP110a@gmail.com,Mr,Saint,Paul,5464545
EMP111a@gmail.com,Mr,Saint,Paul,5464545
EMP112a@gmail.com,Mr,Saint,Paul,5464545
EMP113a@gmail.com,Mr,Saint,Paul,5464545
EMP114a@gmail.com,Mr,Saint,Paul,5464545
EMP115a@gmail.com,Mr,Saint,Paul,5464545
EMP116a@gmail.com,Mr,Saint,Paul,5464545
EMP117a@gmail.com,Mr,Saint,Paul,5464545
EMP118a@gmail.com,Mr,Saint,Paul,5464545
EMP119a@gmail.com,Mr,Saint,Paul,5464545
EMP120a@gmail.com,Mr,Saint,Paul,5464545
EMP121a@gmail.com,Mr,Saint,Paul,5464545
EMP122a@gmail.com,Mr,Saint,Paul,5464545
EMP123a@gmail.com,Mr,Saint,Paul,5464545
EMP124a@gmail.com,Mr,Saint,Paul,5464545
EMP125a@gmail.com,Mr,Saint,Paul,5464545
EMP126a@gmail.com,Mr,Saint,Paul,5464545
EMP127a@gmail.com,Mr,Saint,Paul,5464545
EMP128a@gmail.com,Mr,Saint,Paul,5464545
EMP129a@gmail.com,Mr,Saint,Paul,5464545
EMP130a@gmail.com,Mr,Saint,Paul,5464545
EMP131a@gmail.com,Mr,Saint,Paul,5464545
EMP132a@gmail.com,Mr,Saint,Paul,5464545
EMP133a@gmail.com,Mr,Saint,Paul,5464545
EMP134a@gmail.com,Mr,Saint,Paul,5464545
EMP135a@gmail.com,Mr,Saint,Paul,5464545
EMP136a@gmail.com,Mr,Saint,Paul,5464545
EMP137a@gmail.com,Mr,Saint,Paul,5464545
EMP138a@gmail.com,Mr,Saint,Paul,5464545
EMP139a@gmail.com,Mr,Saint,Paul,5464545
EMP140a@gmail.com,Mr,Saint,Paul,5464545
EMP141a@gmail.com,Mr,Saint,Paul,5464545
EMP142a@gmail.com,Mr,Saint,Paul,5464545
EMP143a@gmail.com,Mr,Saint,Paul,5464545
EMP144a@gmail.com,Mr,Saint,Paul,5464545
EMP145a@gmail.com,Mr,Saint,Paul,5464545
EMP146a@gmail.com,Mr,Saint,Paul,5464545
EMP147a@gmail.com,Mr,Saint,Paul,5464545
EMP148a@gmail.com,Mr,Saint,Paul,5464545
EMP149a@gmail.com,Mr,Saint,Paul,5464545
EMP150a@gmail.com,Mr,Saint,Paul,5464545
EMP151a@gmail.com,Mr,Saint,Paul,5464545
EMP152a@gmail.com,Mr,Saint,Paul,5464545
EMP153a@gmail.com,Mr,Saint,Paul,5464545
EMP154a@gmail.com,Mr,Saint,Paul,5464545
EMP155a@gmail.com,Mr,Saint,Paul,5464545
EMP156a@gmail.com,Mr,Saint,Paul,5464545
EMP157a@gmail.com,Mr,Saint,Paul,5464545
EMP158a@gmail.com,Mr,Saint,Paul,5464545
EMP159a@gmail.com,Mr,Saint,Paul,5464545
EMP160a@gmail.com,Mr,Saint,Paul,5464545
EMP161a@gmail.com,Mr,Saint,Paul,5464545
EMP162a@gmail.com,Mr,Saint,Paul,5464545
EMP163a@gmail.com,Mr,Saint,Paul,5464545
EMP164a@gmail.com,Mr,Saint,Paul,5464545
EMP165a@gmail.com,Mr,Saint,Paul,5464545
EMP166a@gmail.com,Mr,Saint,Paul,5464545
EMP167a@gmail.com,Mr,Saint,Paul,5464545
EMP168a@gmail.com,Mr,Saint,Paul,5464545
EMP169a@gmail.com,Mr,Saint,Paul,5464545
EMP170a@gmail.com,Mr,Saint,Paul,5464545
EMP171a@gmail.com,Mr,Saint,Paul,5464545
EMP172a@gmail.com,Mr,Saint,Paul,5464545
EMP173a@gmail.com,Mr,Saint,Paul,5464545
EMP174a@gmail.com,Mr,Saint,Paul,5464545
EMP175a@gmail.com,Mr,Saint,Paul,5464545
EMP176a@gmail.com,Mr,Saint,Paul,5464545
EMP177a@gmail.com,Mr,Saint,Paul,5464545
EMP178a@gmail.com,Mr,Saint,Paul,5464545
EMP179a@gmail.com,Mr,Saint,Paul,5464545
EMP180a@gmail.com,Mr,Saint,Paul,5464545
EMP181a@gmail.com,Mr,Saint,Paul,5464545
EMP182a@gmail.com,Mr,Saint,Paul,5464545
EMP183a@gmail.com,Mr,Saint,Paul,5464545
EMP184a@gmail.com,Mr,Saint,Paul,5464545
EMP185a@gmail.com,Mr,Saint,Paul,5464545
EMP186a@gmail.com,Mr,Saint,Paul,5464545
EMP187a@gmail.com,Mr,Saint,Paul,5464545
EMP188a@gmail.com,Mr,Saint,Paul,5464545
EMP189a@gmail.com,Mr,Saint,Paul,5464545
EMP190a@gmail.com,Mr,Saint,Paul,5464545
EMP191a@gmail.com,Mr,Saint,Paul,5464545
EMP192a@gmail.com,Mr,Saint,Paul,5464545
EMP193a@gmail.com,Mr,Saint,Paul,5464545
EMP194a@gmail.com,Mr,Saint,Paul,5464545
EMP195a@gmail.com,Mr,Saint,Paul,5464545
EMP196a@gmail.com,Mr,Saint,Paul,5464545
EMP197a@gmail.com,Mr,Saint,Paul,5464545
EMP198a@gmail.com,Mr,Saint,Paul,5464545
EMP199a@gmail.com,Mr,Saint,Paul,5464545
EMP200a@gmail.com,Mr,Saint,Paul,5464545
EMP201a@gmail.com,Mr,Saint,Paul,5464545
EMP202a@gmail.com,Mr,Saint,Paul,5464545
EMP203a@gmail.com,Mr,Saint,Paul,5464545
EMP204a@gmail.com,Mr,Saint,Paul,5464545
EMP205a@gmail.com,Mr,Saint,Paul,5464545
EMP206a@gmail.com,Mr,Saint,Paul,5464545
EMP207a@gmail.com,Mr,Saint,Paul,5464545
EMP208a@gmail.com,Mr,Saint,Paul,5464545
EMP209a@gmail.com,Mr,Saint,Paul,5464545
EMP210a@gmail.com,Mr,Saint,Paul,5464545
EMP211a@gmail.com,Mr,Saint,Paul,5464545
EMP212a@gmail.com,Mr,Saint,Paul,5464545
EMP213a@gmail.com,Mr,Saint,Paul,5464545
EMP214a@gmail.com,Mr,Saint,Paul,5464545
EMP215a@gmail.com,Mr,Saint,Paul,5464545
EMP216a@gmail.com,Mr,Saint,Paul,5464545
EMP217a@gmail.com,Mr,Saint,Paul,5464545
EMP218a@gmail.com,Mr,Saint,Paul,5464545
EMP219a@gmail.com,Mr,Saint,Paul,5464545
EMP220a@gmail.com,Mr,Saint,Paul,5464545
EMP221a@gmail.com,Mr,Saint,Paul,5464545
EMP222a@gmail.com,Mr,Saint,Paul,5464545
EMP223a@gmail.com,Mr,Saint,Paul,5464545
EMP224a@gmail.com,Mr,Saint,Paul,5464545
EMP225a@gmail.com,Mr,Saint,Paul,5464545
EMP226a@gmail.com,Mr,Saint,Paul,5464545
EMP227a@gmail.com,Mr,Saint,Paul,5464545
EMP228a@gmail.com,Mr,Saint,Paul,5464545
EMP229a@gmail.com,Mr,Saint,Paul,5464545
EMP230a@gmail.com,Mr,Saint,Paul,5464545
EMP231a@gmail.com,Mr,Saint,Paul,5464545
EMP232a@gmail.com,Mr,Saint,Paul,5464545
EMP233a@gmail.com,Mr,Saint,Paul,5464545
EMP234a@gmail.com,Mr,Saint,Paul,5464545
EMP235a@gmail.com,Mr,Saint,Paul,5464545
EMP236a@gmail.com,Mr,Saint,Paul,5464545
EMP237a@gmail.com,Mr,Saint,Paul,5464545
EMP238a@gmail.com,Mr,Saint,Paul,5464545
EMP239a@gmail.com,Mr,Saint,Paul,5464545
EMP240a@gmail.com,Mr,Saint,Paul,5464545
EMP241a@gmail.com,Mr,Saint,Paul,5464545
EMP242a@gmail.com,Mr,Saint,Paul,5464545
EMP243a@gmail.com,Mr,Saint,Paul,5464545
EMP244a@gmail.com,Mr,Saint,Paul,5464545
EMP245a@gmail.com,Mr,Saint,Paul,5464545
EMP246a@gmail.com,Mr,Saint,Paul,5464545
EMP247a@gmail.com,Mr,Saint,Paul,5464545
EMP248a@gmail.com,Mr,Saint,Paul,5464545
EMP249a@gmail.com,Mr,Saint,Paul,5464545
EMP250a@gmail.com,Mr,Saint,Paul,5464545
EMP251a@gmail.com,Mr,Saint,Paul,5464545
EMP252a@gmail.com,Mr,Saint,Paul,5464545
EMP253a@gmail.com,Mr,Saint,Paul,5464545
EMP254a@gmail.com,Mr,Saint,Paul,5464545
EMP255a@gmail.com,Mr,Saint,Paul,5464545
EMP256a@gmail.com,Mr,Saint,Paul,5464545
EMP257a@gmail.com,Mr,Saint,Paul,5464545
EMP258a@gmail.com,Mr,Saint,Paul,5464545
EMP259a@gmail.com,Mr,Saint,Paul,5464545
EMP260a@gmail.com,Mr,Saint,Paul,5464545
EMP261a@gmail.com,Mr,Saint,Paul,5464545
EMP262a@gmail.com,Mr,Saint,Paul,5464545
EMP263a@gmail.com,Mr,Saint,Paul,5464545
EMP264a@gmail.com,Mr,Saint,Paul,5464545
EMP265a@gmail.com,Mr,Saint,Paul,5464545
EMP266a@gmail.com,Mr,Saint,Paul,5464545
EMP267a@gmail.com,Mr,Saint,Paul,5464545
EMP268a@gmail.com,Mr,Saint,Paul,5464545
EMP269a@gmail.com,Mr,Saint,Paul,5464545
EMP270a@gmail.com,Mr,Saint,Paul,5464545
EMP271a@gmail.com,Mr,Saint,Paul,5464545
EMP272a@gmail.com,Mr,Saint,Paul,5464545
EMP273a@gmail.com,Mr,Saint,Paul,5464545
EMP274a@gmail.com,Mr,Saint,Paul,5464545
EMP275a@gmail.com,Mr,Saint,Paul,5464545
EMP276a@gmail.com,Mr,Saint,Paul,5464545
EMP277a@gmail.com,Mr,Saint,Paul,5464545
EMP278a@gmail.com,Mr,Saint,Paul,5464545
EMP279a@gmail.com,Mr,Saint,Paul,5464545
EMP280a@gmail.com,Mr,Saint,Paul,5464545
EMP281a@gmail.com,Mr,Saint,Paul,5464545
EMP282a@gmail.com,Mr,Saint,Paul,5464545
EMP283a@gmail.com,Mr,Saint,Paul,5464545
EMP284a@gmail.com,Mr,Saint,Paul,5464545
EMP285a@gmail.com,Mr,Saint,Paul,5464545
EMP286a@gmail.com,Mr,Saint,Paul,5464545
EMP287a@gmail.com,Mr,Saint,Paul,5464545
EMP288a@gmail.com,Mr,Saint,Paul,5464545
EMP289a@gmail.com,Mr,Saint,Paul,5464545
EMP290a@gmail.com,Mr,Saint,Paul,5464545
EMP291a@gmail.com,Mr,Saint,Paul,5464545
EMP292a@gmail.com,Mr,Saint,Paul,5464545
EMP293a@gmail.com,Mr,Saint,Paul,5464545
EMP294a@gmail.com,Mr,Saint,Paul,5464545
EMP295a@gmail.com,Mr,Saint,Paul,5464545
EMP296a@gmail.com,Mr,Saint,Paul,5464545
EMP297a@gmail.com,Mr,Saint,Paul,5464545
EMP298a@gmail.com,Mr,Saint,Paul,5464545
EMP299a@gmail.com,Mr,Saint,Paul,5464545
EMP300a@gmail.com,Mr,Saint,Paul,5464545
EMP301a@gmail.com,Mr,Saint,Paul,5464545
EMP302a@gmail.com,Mr,Saint,Paul,5464545
EMP303a@gmail.com,Mr,Saint,Paul,5464545
EMP304a@gmail.com,Mr,Saint,Paul,5464545
EMP305a@gmail.com,Mr,Saint,Paul,5464545
EMP306a@gmail.com,Mr,Saint,Paul,5464545
EMP307a@gmail.com,Mr,Saint,Paul,5464545
EMP308a@gmail.com,Mr,Saint,Paul,5464545
EMP309a@gmail.com,Mr,Saint,Paul,5464545
EMP310a@gmail.com,Mr,Saint,Paul,5464545
EMP311a@gmail.com,Mr,Saint,Paul,5464545
EMP312a@gmail.com,Mr,Saint,Paul,5464545
EMP313a@gmail.com,Mr,Saint,Paul,5464545
EMP314a@gmail.com,Mr,Saint,Paul,5464545
EMP315a@gmail.com,Mr,Saint,Paul,5464545
EMP316a@gmail.com,Mr,Saint,Paul,5464545
EMP317a@gmail.com,Mr,Saint,Paul,5464545
EMP318a@gmail.com,Mr,Saint,Paul,5464545
EMP319a@gmail.com,Mr,Saint,Paul,5464545
EMP320a@gmail.com,Mr,Saint,Paul,5464545
EMP321a@gmail.com,Mr,Saint,Paul,5464545
EMP322a@gmail.com,Mr,Saint,Paul,5464545
EMP323a@gmail.com,Mr,Saint,Paul,5464545
EMP324a@gmail.com,Mr,Saint,Paul,5464545
EMP325a@gmail.com,Mr,Saint,Paul,5464545
EMP326a@gmail.com,Mr,Saint,Paul,5464545
EMP327a@gmail.com,Mr,Saint,Paul,5464545
EMP328a@gmail.com,Mr,Saint,Paul,5464545
EMP329a@gmail.com,Mr,Saint,Paul,5464545
EMP330a@gmail.com,Mr,Saint,Paul,5464545
EMP331a@gmail.com,Mr,Saint,Paul,5464545
EMP332a@gmail.com,Mr,Saint,Paul,5464545
EMP333a@gmail.com,Mr,Saint,Paul,5464545
EMP334a@gmail.com,Mr,Saint,Paul,5464545
EMP335a@gmail.com,Mr,Saint,Paul,5464545
EMP336a@gmail.com,Mr,Saint,Paul,5464545
EMP337a@gmail.com,Mr,Saint,Paul,5464545
EMP338a@gmail.com,Mr,Saint,Paul,5464545
EMP339a@gmail.com,Mr,Saint,Paul,5464545
EMP340a@gmail.com,Mr,Saint,Paul,5464545
EMP341a@gmail.com,Mr,Saint,Paul,5464545
EMP342a@gmail.com,Mr,Saint,Paul,5464545
EMP343a@gmail.com,Mr,Saint,Paul,5464545
EMP344a@gmail.com,Mr,Saint,Paul,5464545
EMP345a@gmail.com,Mr,Saint,Paul,5464545
EMP346a@gmail.com,Mr,Saint,Paul,5464545
EMP347a@gmail.com,Mr,Saint,Paul,5464545
EMP348a@gmail.com,Mr,Saint,Paul,5464545
EMP349a@gmail.com,Mr,Saint,Paul,5464545
EMP350a@gmail.com,Mr,Saint,Paul,5464545
EMP351a@gmail.com,Mr,Saint,Paul,5464545
EMP352a@gmail.com,Mr,Saint,Paul,5464545
EMP353a@gmail.com,Mr,Saint,Paul,5464545
EMP354a@gmail.com,Mr,Saint,Paul,5464545
EMP355a@gmail.com,Mr,Saint,Paul,5464545
EMP356a@gmail.com,Mr,Saint,Paul,5464545
EMP357a@gmail.com,Mr,Saint,Paul,5464545
EMP358a@gmail.com,Mr,Saint,Paul,5464545
EMP359a@gmail.com,Mr,Saint,Paul,5464545
EMP360a@gmail.com,Mr,Saint,Paul,5464545
EMP361a@gmail.com,Mr,Saint,Paul,5464545
EMP362a@gmail.com,Mr,Saint,Paul,5464545
EMP363a@gmail.com,Mr,Saint,Paul,5464545
EMP364a@gmail.com,Mr,Saint,Paul,5464545
EMP365a@gmail.com,Mr,Saint,Paul,5464545
EMP366a@gmail.com,Mr,Saint,Paul,5464545
EMP367a@gmail.com,Mr,Saint,Paul,5464545
EMP368a@gmail.com,Mr,Saint,Paul,5464545
EMP369a@gmail.com,Mr,Saint,Paul,5464545
EMP370a@gmail.com,Mr,Saint,Paul,5464545
EMP371a@gmail.com,Mr,Saint,Paul,5464545
EMP372a@gmail.com,Mr,Saint,Paul,5464545
EMP373a@gmail.com,Mr,Saint,Paul,5464545
EMP374a@gmail.com,Mr,Saint,Paul,5464545
EMP375a@gmail.com,Mr,Saint,Paul,5464545
EMP376a@gmail.com,Mr,Saint,Paul,5464545
EMP377a@gmail.com,Mr,Saint,Paul,5464545
EMP378a@gmail.com,Mr,Saint,Paul,5464545
EMP379a@gmail.com,Mr,Saint,Paul,5464545
EMP380a@gmail.com,Mr,Saint,Paul,5464545
EMP381a@gmail.com,Mr,Saint,Paul,5464545
EMP382a@gmail.com,Mr,Saint,Paul,5464545
EMP383a@gmail.com,Mr,Saint,Paul,5464545
EMP384a@gmail.com,Mr,Saint,Paul,5464545
EMP385a@gmail.com,Mr,Saint,Paul,5464545
EMP386a@gmail.com,Mr,Saint,Paul,5464545
EMP387a@gmail.com,Mr,Saint,Paul,5464545
EMP388a@gmail.com,Mr,Saint,Paul,5464545
EMP389a@gmail.com,Mr,Saint,Paul,5464545
EMP390a@gmail.com,Mr,Saint,Paul,5464545
EMP391a@gmail.com,Mr,Saint,Paul,5464545
EMP392a@gmail.com,Mr,Saint,Paul,5464545
EMP393a@gmail.com,Mr,Saint,Paul,5464545
EMP394a@gmail.com,Mr,Saint,Paul,5464545
EMP395a@gmail.com,Mr,Saint,Paul,5464545
EMP396a@gmail.com,Mr,Saint,Paul,5464545
EMP397a@gmail.com,Mr,Saint,Paul,5464545
EMP398a@gmail.com,Mr,Saint,Paul,5464545
EMP399a@gmail.com,Mr,Saint,Paul,5464545
EMP400a@gmail.com,Mr,Saint,Paul,5464545
EMP401a@gmail.com,Mr,Saint,Paul,5464545
EMP402a@gmail.com,Mr,Saint,Paul,5464545
EMP403a@gmail.com,Mr,Saint,Paul,5464545
EMP404a@gmail.com,Mr,Saint,Paul,5464545
EMP405a@gmail.com,Mr,Saint,Paul,5464545
EMP406a@gmail.com,Mr,Saint,Paul,5464545
EMP407a@gmail.com,Mr,Saint,Paul,5464545
EMP408a@gmail.com,Mr,Saint,Paul,5464545
EMP409a@gmail.com,Mr,Saint,Paul,5464545
EMP410a@gmail.com,Mr,Saint,Paul,5464545
EMP411a@gmail.com,Mr,Saint,Paul,5464545
EMP412a@gmail.com,Mr,Saint,Paul,5464545
EMP413a@gmail.com,Mr,Saint,Paul,5464545
EMP414a@gmail.com,Mr,Saint,Paul,5464545
EMP415a@gmail.com,Mr,Saint,Paul,5464545
EMP416a@gmail.com,Mr,Saint,Paul,5464545
EMP417a@gmail.com,Mr,Saint,Paul,5464545
EMP418a@gmail.com,Mr,Saint,Paul,5464545
EMP419a@gmail.com,Mr,Saint,Paul,5464545
EMP420a@gmail.com,Mr,Saint,Paul,5464545
EMP421a@gmail.com,Mr,Saint,Paul,5464545
EMP422a@gmail.com,Mr,Saint,Paul,5464545
EMP423a@gmail.com,Mr,Saint,Paul,5464545
EMP424a@gmail.com,Mr,Saint,Paul,5464545
EMP425a@gmail.com,Mr,Saint,Paul,5464545
EMP426a@gmail.com,Mr,Saint,Paul,5464545
EMP427a@gmail.com,Mr,Saint,Paul,5464545
EMP428a@gmail.com,Mr,Saint,Paul,5464545
EMP429a@gmail.com,Mr,Saint,Paul,5464545
EMP430a@gmail.com,Mr,Saint,Paul,5464545
EMP431a@gmail.com,Mr,Saint,Paul,5464545
EMP432a@gmail.com,Mr,Saint,Paul,5464545
EMP433a@gmail.com,Mr,Saint,Paul,5464545
EMP434a@gmail.com,Mr,Saint,Paul,5464545
EMP435a@gmail.com,Mr,Saint,Paul,5464545
EMP436a@gmail.com,Mr,Saint,Paul,5464545
EMP437a@gmail.com,Mr,Saint,Paul,5464545
EMP438a@gmail.com,Mr,Saint,Paul,5464545
EMP439a@gmail.com,Mr,Saint,Paul,5464545
EMP440a@gmail.com,Mr,Saint,Paul,5464545
EMP441a@gmail.com,Mr,Saint,Paul,5464545
EMP442a@gmail.com,Mr,Saint,Paul,5464545
EMP443a@gmail.com,Mr,Saint,Paul,5464545
EMP444a@gmail.com,Mr,Saint,Paul,5464545
EMP445a@gmail.com,Mr,Saint,Paul,5464545
EMP446a@gmail.com,Mr,Saint,Paul,5464545
EMP447a@gmail.com,Mr,Saint,Paul,5464545
EMP448a@gmail.com,Mr,Saint,Paul,5464545
EMP449a@gmail.com,Mr,Saint,Paul,5464545
EMP450a@gmail.com,Mr,Saint,Paul,5464545
EMP451a@gmail.com,Mr,Saint,Paul,5464545
EMP452a@gmail.com,Mr,Saint,Paul,5464545
EMP453a@gmail.com,Mr,Saint,Paul,5464545
EMP454a@gmail.com,Mr,Saint,Paul,5464545
EMP455a@gmail.com,Mr,Saint,Paul,5464545
EMP456a@gmail.com,Mr,Saint,Paul,5464545
EMP457a@gmail.com,Mr,Saint,Paul,5464545
EMP458a@gmail.com,Mr,Saint,Paul,5464545
EMP459a@gmail.com,Mr,Saint,Paul,5464545
EMP460a@gmail.com,Mr,Saint,Paul,5464545
EMP461a@gmail.com,Mr,Saint,Paul,5464545
EMP462a@gmail.com,Mr,Saint,Paul,5464545
EMP463a@gmail.com,Mr,Saint,Paul,5464545
EMP464a@gmail.com,Mr,Saint,Paul,5464545
EMP465a@gmail.com,Mr,Saint,Paul,5464545
EMP466a@gmail.com,Mr,Saint,Paul,5464545
EMP467a@gmail.com,Mr,Saint,Paul,5464545
EMP468a@gmail.com,Mr,Saint,Paul,5464545
EMP469a@gmail.com,Mr,Saint,Paul,5464545
EMP470a@gmail.com,Mr,Saint,Paul,5464545
EMP471a@gmail.com,Mr,Saint,Paul,5464545
EMP472a@gmail.com,Mr,Saint,Paul,5464545
EMP473a@gmail.com,Mr,Saint,Paul,5464545
EMP474a@gmail.com,Mr,Saint,Paul,5464545
EMP475a@gmail.com,Mr,Saint,Paul,5464545
EMP476a@gmail.com,Mr,Saint,Paul,5464545
EMP477a@gmail.com,Mr,Saint,Paul,5464545
EMP478a@gmail.com,Mr,Saint,Paul,5464545
EMP479a@gmail.com,Mr,Saint,Paul,5464545
EMP480a@gmail.com,Mr,Saint,Paul,5464545
EMP481a@gmail.com,Mr,Saint,Paul,5464545
EMP482a@gmail.com,Mr,Saint,Paul,5464545
EMP483a@gmail.com,Mr,Saint,Paul,5464545
EMP484a@gmail.com,Mr,Saint,Paul,5464545
EMP485a@gmail.com,Mr,Saint,Paul,5464545
EMP486a@gmail.com,Mr,Saint,Paul,5464545
EMP487a@gmail.com,Mr,Saint,Paul,5464545
EMP488a@gmail.com,Mr,Saint,Paul,5464545
EMP489a@gmail.com,Mr,Saint,Paul,5464545
EMP490a@gmail.com,Mr,Saint,Paul,5464545
EMP491a@gmail.com,Mr,Saint,Paul,5464545
EMP492a@gmail.com,Mr,Saint,Paul,5464545
EMP493a@gmail.com,Mr,Saint,Paul,5464545
EMP494a@gmail.com,Mr,Saint,Paul,5464545
EMP495a@gmail.com,Mr,Saint,Paul,5464545
EMP496a@gmail.com,Mr,Saint,Paul,5464545
EMP497a@gmail.com,Mr,Saint,Paul,5464545
EMP498a@gmail.com,Mr,Saint,Paul,5464545
EMP499a@gmail.com,Mr,Saint,Paul,5464545
EMP500a@gmail.com,Mr,Saint,Paul,5464545
EMP501a@gmail.com,Mr,Saint,Paul,5464545
EMP502a@gmail.com,Mr,Saint,Paul,5464545
EMP503a@gmail.com,Mr,Saint,Paul,5464545
EMP504a@gmail.com,Mr,Saint,Paul,5464545
EMP505a@gmail.com,Mr,Saint,Paul,5464545
EMP506a@gmail.com,Mr,Saint,Paul,5464545
EMP507a@gmail.com,Mr,Saint,Paul,5464545
EMP508a@gmail.com,Mr,Saint,Paul,5464545
EMP509a@gmail.com,Mr,Saint,Paul,5464545
EMP510a@gmail.com,Mr,Saint,Paul,5464545
EMP511a@gmail.com,Mr,Saint,Paul,5464545
EMP512a@gmail.com,Mr,Saint,Paul,5464545
EMP513a@gmail.com,Mr,Saint,Paul,5464545
EMP514a@gmail.com,Mr,Saint,Paul,5464545
EMP515a@gmail.com,Mr,Saint,Paul,5464545
EMP516a@gmail.com,Mr,Saint,Paul,5464545
EMP517a@gmail.com,Mr,Saint,Paul,5464545
EMP518a@gmail.com,Mr,Saint,Paul,5464545
EMP519a@gmail.com,Mr,Saint,Paul,5464545
EMP520a@gmail.com,Mr,Saint,Paul,5464545
EMP521a@gmail.com,Mr,Saint,Paul,5464545
EMP522a@gmail.com,Mr,Saint,Paul,5464545
EMP523a@gmail.com,Mr,Saint,Paul,5464545
EMP524a@gmail.com,Mr,Saint,Paul,5464545
EMP525a@gmail.com,Mr,Saint,Paul,5464545
EMP526a@gmail.com,Mr,Saint,Paul,5464545
EMP527a@gmail.com,Mr,Saint,Paul,5464545
EMP528a@gmail.com,Mr,Saint,Paul,5464545
EMP529a@gmail.com,Mr,Saint,Paul,5464545
EMP530a@gmail.com,Mr,Saint,Paul,5464545
EMP531a@gmail.com,Mr,Saint,Paul,5464545
EMP532a@gmail.com,Mr,Saint,Paul,5464545
EMP533a@gmail.com,Mr,Saint,Paul,5464545
EMP534a@gmail.com,Mr,Saint,Paul,5464545
EMP535a@gmail.com,Mr,Saint,Paul,5464545
EMP536a@gmail.com,Mr,Saint,Paul,5464545
EMP537a@gmail.com,Mr,Saint,Paul,5464545
EMP538a@gmail.com,Mr,Saint,Paul,5464545
EMP539a@gmail.com,Mr,Saint,Paul,5464545
EMP540a@gmail.com,Mr,Saint,Paul,5464545
EMP541a@gmail.com,Mr,Saint,Paul,5464545
EMP542a@gmail.com,Mr,Saint,Paul,5464545
EMP543a@gmail.com,Mr,Saint,Paul,5464545
EMP544a@gmail.com,Mr,Saint,Paul,5464545
EMP545a@gmail.com,Mr,Saint,Paul,5464545
EMP546a@gmail.com,Mr,Saint,Paul,5464545
EMP547a@gmail.com,Mr,Saint,Paul,5464545
EMP548a@gmail.com,Mr,Saint,Paul,5464545
EMP549a@gmail.com,Mr,Saint,Paul,5464545
EMP550a@gmail.com,Mr,Saint,Paul,5464545
EMP551a@gmail.com,Mr,Saint,Paul,5464545
EMP552a@gmail.com,Mr,Saint,Paul,5464545
EMP553a@gmail.com,Mr,Saint,Paul,5464545
EMP554a@gmail.com,Mr,Saint,Paul,5464545
EMP555a@gmail.com,Mr,Saint,Paul,5464545
EMP556a@gmail.com,Mr,Saint,Paul,5464545
EMP557a@gmail.com,Mr,Saint,Paul,5464545
EMP558a@gmail.com,Mr,Saint,Paul,5464545
EMP559a@gmail.com,Mr,Saint,Paul,5464545
EMP560a@gmail.com,Mr,Saint,Paul,5464545
EMP561a@gmail.com,Mr,Saint,Paul,5464545
EMP562a@gmail.com,Mr,Saint,Paul,5464545
EMP563a@gmail.com,Mr,Saint,Paul,5464545
EMP564a@gmail.com,Mr,Saint,Paul,5464545
EMP565a@gmail.com,Mr,Saint,Paul,5464545
EMP566a@gmail.com,Mr,Saint,Paul,5464545
EMP567a@gmail.com,Mr,Saint,Paul,5464545
EMP568a@gmail.com,Mr,Saint,Paul,5464545
EMP569a@gmail.com,Mr,Saint,Paul,5464545
EMP570a@gmail.com,Mr,Saint,Paul,5464545
EMP571a@gmail.com,Mr,Saint,Paul,5464545
EMP572a@gmail.com,Mr,Saint,Paul,5464545
EMP573a@gmail.com,Mr,Saint,Paul,5464545
EMP574a@gmail.com,Mr,Saint,Paul,5464545
EMP575a@gmail.com,Mr,Saint,Paul,5464545
EMP576a@gmail.com,Mr,Saint,Paul,5464545
EMP577a@gmail.com,Mr,Saint,Paul,5464545
EMP578a@gmail.com,Mr,Saint,Paul,5464545
EMP579a@gmail.com,Mr,Saint,Paul,5464545
EMP580a@gmail.com,Mr,Saint,Paul,5464545
EMP581a@gmail.com,Mr,Saint,Paul,5464545
EMP582a@gmail.com,Mr,Saint,Paul,5464545
EMP583a@gmail.com,Mr,Saint,Paul,5464545
EMP584a@gmail.com,Mr,Saint,Paul,5464545
EMP585a@gmail.com,Mr,Saint,Paul,5464545
EMP586a@gmail.com,Mr,Saint,Paul,5464545
EMP587a@gmail.com,Mr,Saint,Paul,5464545
EMP588a@gmail.com,Mr,Saint,Paul,5464545
EMP589a@gmail.com,Mr,Saint,Paul,5464545
EMP590a@gmail.com,Mr,Saint,Paul,5464545
EMP591a@gmail.com,Mr,Saint,Paul,5464545
EMP592a@gmail.com,Mr,Saint,Paul,5464545
EMP593a@gmail.com,Mr,Saint,Paul,5464545
EMP594a@gmail.com,Mr,Saint,Paul,5464545
EMP595a@gmail.com,Mr,Saint,Paul,5464545
EMP596a@gmail.com,Mr,Saint,Paul,5464545
EMP597a@gmail.com,Mr,Saint,Paul,5464545
EMP598a@gmail.com,Mr,Saint,Paul,5464545
EMP599a@gmail.com,Mr,Saint,Paul,5464545
EMP600a@gmail.com,Mr,Saint,Paul,5464545
EMP601a@gmail.com,Mr,Saint,Paul,5464545
EMP602a@gmail.com,Mr,Saint,Paul,5464545
EMP603a@gmail.com,Mr,Saint,Paul,5464545
EMP604a@gmail.com,Mr,Saint,Paul,5464545
EMP605a@gmail.com,Mr,Saint,Paul,5464545
EMP606a@gmail.com,Mr,Saint,Paul,5464545
EMP607a@gmail.com,Mr,Saint,Paul,5464545
EMP608a@gmail.com,Mr,Saint,Paul,5464545
EMP609a@gmail.com,Mr,Saint,Paul,5464545
EMP610a@gmail.com,Mr,Saint,Paul,5464545
EMP611a@gmail.com,Mr,Saint,Paul,5464545
EMP612a@gmail.com,Mr,Saint,Paul,5464545
EMP613a@gmail.com,Mr,Saint,Paul,5464545
EMP614a@gmail.com,Mr,Saint,Paul,5464545
EMP615a@gmail.com,Mr,Saint,Paul,5464545
EMP616a@gmail.com,Mr,Saint,Paul,5464545
EMP617a@gmail.com,Mr,Saint,Paul,5464545
EMP618a@gmail.com,Mr,Saint,Paul,5464545
EMP619a@gmail.com,Mr,Saint,Paul,5464545
EMP620a@gmail.com,Mr,Saint,Paul,5464545
EMP621a@gmail.com,Mr,Saint,Paul,5464545
EMP622a@gmail.com,Mr,Saint,Paul,5464545
EMP623a@gmail.com,Mr,Saint,Paul,5464545
EMP624a@gmail.com,Mr,Saint,Paul,5464545
EMP625a@gmail.com,Mr,Saint,Paul,5464545
EMP626a@gmail.com,Mr,Saint,Paul,5464545
EMP627a@gmail.com,Mr,Saint,Paul,5464545
EMP628a@gmail.com,Mr,Saint,Paul,5464545
EMP629a@gmail.com,Mr,Saint,Paul,5464545
EMP630a@gmail.com,Mr,Saint,Paul,5464545
EMP631a@gmail.com,Mr,Saint,Paul,5464545
EMP632a@gmail.com,Mr,Saint,Paul,5464545
EMP633a@gmail.com,Mr,Saint,Paul,5464545
EMP634a@gmail.com,Mr,Saint,Paul,5464545
EMP635a@gmail.com,Mr,Saint,Paul,5464545
EMP636a@gmail.com,Mr,Saint,Paul,5464545
EMP637a@gmail.com,Mr,Saint,Paul,5464545
EMP638a@gmail.com,Mr,Saint,Paul,5464545
EMP639a@gmail.com,Mr,Saint,Paul,5464545
EMP640a@gmail.com,Mr,Saint,Paul,5464545
EMP641a@gmail.com,Mr,Saint,Paul,5464545
EMP642a@gmail.com,Mr,Saint,Paul,5464545
EMP643a@gmail.com,Mr,Saint,Paul,5464545
EMP644a@gmail.com,Mr,Saint,Paul,5464545
EMP645a@gmail.com,Mr,Saint,Paul,5464545
EMP646a@gmail.com,Mr,Saint,Paul,5464545
EMP647a@gmail.com,Mr,Saint,Paul,5464545
EMP648a@gmail.com,Mr,Saint,Paul,5464545
EMP649a@gmail.com,Mr,Saint,Paul,5464545
EMP650a@gmail.com,Mr,Saint,Paul,5464545
EMP651a@gmail.com,Mr,Saint,Paul,5464545
EMP652a@gmail.com,Mr,Saint,Paul,5464545
EMP653a@gmail.com,Mr,Saint,Paul,5464545
EMP654a@gmail.com,Mr,Saint,Paul,5464545
EMP655a@gmail.com,Mr,Saint,Paul,5464545
EMP656a@gmail.com,Mr,Saint,Paul,5464545
EMP657a@gmail.com,Mr,Saint,Paul,5464545
EMP658a@gmail.com,Mr,Saint,Paul,5464545
EMP659a@gmail.com,Mr,Saint,Paul,5464545
EMP660a@gmail.com,Mr,Saint,Paul,5464545
EMP661a@gmail.com,Mr,Saint,Paul,5464545
EMP662a@gmail.com,Mr,Saint,Paul,5464545
EMP663a@gmail.com,Mr,Saint,Paul,5464545
EMP664a@gmail.com,Mr,Saint,Paul,5464545
EMP665a@gmail.com,Mr,Saint,Paul,5464545
EMP666a@gmail.com,Mr,Saint,Paul,5464545
EMP667a@gmail.com,Mr,Saint,Paul,5464545
EMP668a@gmail.com,Mr,Saint,Paul,5464545
EMP669a@gmail.com,Mr,Saint,Paul,5464545
EMP670a@gmail.com,Mr,Saint,Paul,5464545
EMP671a@gmail.com,Mr,Saint,Paul,5464545
EMP672a@gmail.com,Mr,Saint,Paul,5464545
EMP673a@gmail.com,Mr,Saint,Paul,5464545
EMP674a@gmail.com,Mr,Saint,Paul,5464545
EMP675a@gmail.com,Mr,Saint,Paul,5464545
EMP676a@gmail.com,Mr,Saint,Paul,5464545
EMP677a@gmail.com,Mr,Saint,Paul,5464545
EMP678a@gmail.com,Mr,Saint,Paul,5464545
EMP679a@gmail.com,Mr,Saint,Paul,5464545
EMP680a@gmail.com,Mr,Saint,Paul,5464545
EMP681a@gmail.com,Mr,Saint,Paul,5464545
EMP682a@gmail.com,Mr,Saint,Paul,5464545
EMP683a@gmail.com,Mr,Saint,Paul,5464545
EMP684a@gmail.com,Mr,Saint,Paul,5464545
EMP685a@gmail.com,Mr,Saint,Paul,5464545
EMP686a@gmail.com,Mr,Saint,Paul,5464545
EMP687a@gmail.com,Mr,Saint,Paul,5464545
EMP688a@gmail.com,Mr,Saint,Paul,5464545
EMP689a@gmail.com,Mr,Saint,Paul,5464545
EMP690a@gmail.com,Mr,Saint,Paul,5464545
EMP691a@gmail.com,Mr,Saint,Paul,5464545
EMP692a@gmail.com,Mr,Saint,Paul,5464545
EMP693a@gmail.com,Mr,Saint,Paul,5464545
EMP694a@gmail.com,Mr,Saint,Paul,5464545
EMP695a@gmail.com,Mr,Saint,Paul,5464545
EMP696a@gmail.com,Mr,Saint,Paul,5464545
EMP697a@gmail.com,Mr,Saint,Paul,5464545
EMP698a@gmail.com,Mr,Saint,Paul,5464545
EMP699a@gmail.com,Mr,Saint,Paul,5464545
EMP700a@gmail.com,Mr,Saint,Paul,5464545
EMP701a@gmail.com,Mr,Saint,Paul,5464545
EMP702a@gmail.com,Mr,Saint,Paul,5464545
EMP703a@gmail.com,Mr,Saint,Paul,5464545
EMP704a@gmail.com,Mr,Saint,Paul,5464545
EMP705a@gmail.com,Mr,Saint,Paul,5464545
EMP706a@gmail.com,Mr,Saint,Paul,5464545
EMP707a@gmail.com,Mr,Saint,Paul,5464545
EMP708a@gmail.com,Mr,Saint,Paul,5464545
EMP709a@gmail.com,Mr,Saint,Paul,5464545
EMP710a@gmail.com,Mr,Saint,Paul,5464545
EMP711a@gmail.com,Mr,Saint,Paul,5464545
EMP712a@gmail.com,Mr,Saint,Paul,5464545
EMP713a@gmail.com,Mr,Saint,Paul,5464545
EMP714a@gmail.com,Mr,Saint,Paul,5464545
EMP715a@gmail.com,Mr,Saint,Paul,5464545
EMP716a@gmail.com,Mr,Saint,Paul,5464545
EMP717a@gmail.com,Mr,Saint,Paul,5464545
EMP718a@gmail.com,Mr,Saint,Paul,5464545
EMP719a@gmail.com,Mr,Saint,Paul,5464545
EMP720a@gmail.com,Mr,Saint,Paul,5464545
EMP721a@gmail.com,Mr,Saint,Paul,5464545
EMP722a@gmail.com,Mr,Saint,Paul,5464545
EMP723a@gmail.com,Mr,Saint,Paul,5464545
EMP724a@gmail.com,Mr,Saint,Paul,5464545
EMP725a@gmail.com,Mr,Saint,Paul,5464545
EMP726a@gmail.com,Mr,Saint,Paul,5464545
EMP727a@gmail.com,Mr,Saint,Paul,5464545
EMP728a@gmail.com,Mr,Saint,Paul,5464545
EMP729a@gmail.com,Mr,Saint,Paul,5464545
EMP730a@gmail.com,Mr,Saint,Paul,5464545
EMP731a@gmail.com,Mr,Saint,Paul,5464545
EMP732a@gmail.com,Mr,Saint,Paul,5464545
EMP733a@gmail.com,Mr,Saint,Paul,5464545
EMP734a@gmail.com,Mr,Saint,Paul,5464545
EMP735a@gmail.com,Mr,Saint,Paul,5464545
EMP736a@gmail.com,Mr,Saint,Paul,5464545
EMP737a@gmail.com,Mr,Saint,Paul,5464545
EMP738a@gmail.com,Mr,Saint,Paul,5464545
EMP739a@gmail.com,Mr,Saint,Paul,5464545
EMP740a@gmail.com,Mr,Saint,Paul,5464545
EMP741a@gmail.com,Mr,Saint,Paul,5464545
EMP742a@gmail.com,Mr,Saint,Paul,5464545
EMP743a@gmail.com,Mr,Saint,Paul,5464545
EMP744a@gmail.com,Mr,Saint,Paul,5464545
EMP745a@gmail.com,Mr,Saint,Paul,5464545
EMP746a@gmail.com,Mr,Saint,Paul,5464545
EMP747a@gmail.com,Mr,Saint,Paul,5464545
EMP748a@gmail.com,Mr,Saint,Paul,5464545
EMP749a@gmail.com,Mr,Saint,Paul,5464545
EMP750a@gmail.com,Mr,Saint,Paul,5464545
EMP751a@gmail.com,Mr,Saint,Paul,5464545
EMP752a@gmail.com,Mr,Saint,Paul,5464545
EMP753a@gmail.com,Mr,Saint,Paul,5464545
EMP754a@gmail.com,Mr,Saint,Paul,5464545
EMP755a@gmail.com,Mr,Saint,Paul,5464545
EMP756a@gmail.com,Mr,Saint,Paul,5464545
EMP757a@gmail.com,Mr,Saint,Paul,5464545
EMP758a@gmail.com,Mr,Saint,Paul,5464545
EMP759a@gmail.com,Mr,Saint,Paul,5464545
EMP760a@gmail.com,Mr,Saint,Paul,5464545
EMP761a@gmail.com,Mr,Saint,Paul,5464545
EMP762a@gmail.com,Mr,Saint,Paul,5464545
EMP763a@gmail.com,Mr,Saint,Paul,5464545
EMP764a@gmail.com,Mr,Saint,Paul,5464545
EMP765a@gmail.com,Mr,Saint,Paul,5464545
EMP766a@gmail.com,Mr,Saint,Paul,5464545
EMP767a@gmail.com,Mr,Saint,Paul,5464545
EMP768a@gmail.com,Mr,Saint,Paul,5464545
EMP769a@gmail.com,Mr,Saint,Paul,5464545
EMP770a@gmail.com,Mr,Saint,Paul,5464545
EMP771a@gmail.com,Mr,Saint,Paul,5464545
EMP772a@gmail.com,Mr,Saint,Paul,5464545
EMP773a@gmail.com,Mr,Saint,Paul,5464545
EMP774a@gmail.com,Mr,Saint,Paul,5464545
EMP775a@gmail.com,Mr,Saint,Paul,5464545
EMP776a@gmail.com,Mr,Saint,Paul,5464545
EMP777a@gmail.com,Mr,Saint,Paul,5464545
EMP778a@gmail.com,Mr,Saint,Paul,5464545
EMP779a@gmail.com,Mr,Saint,Paul,5464545
EMP780a@gmail.com,Mr,Saint,Paul,5464545
EMP781a@gmail.com,Mr,Saint,Paul,5464545
EMP782a@gmail.com,Mr,Saint,Paul,5464545
EMP783a@gmail.com,Mr,Saint,Paul,5464545
EMP784a@gmail.com,Mr,Saint,Paul,5464545
EMP785a@gmail.com,Mr,Saint,Paul,5464545
EMP786a@gmail.com,Mr,Saint,Paul,5464545
EMP787a@gmail.com,Mr,Saint,Paul,5464545
EMP788a@gmail.com,Mr,Saint,Paul,5464545
EMP789a@gmail.com,Mr,Saint,Paul,5464545
EMP790a@gmail.com,Mr,Saint,Paul,5464545
EMP791a@gmail.com,Mr,Saint,Paul,5464545
EMP792a@gmail.com,Mr,Saint,Paul,5464545
EMP793a@gmail.com,Mr,Saint,Paul,5464545
EMP794a@gmail.com,Mr,Saint,Paul,5464545
EMP795a@gmail.com,Mr,Saint,Paul,5464545
EMP796a@gmail.com,Mr,Saint,Paul,5464545
EMP797a@gmail.com,Mr,Saint,Paul,5464545
EMP798a@gmail.com,Mr,Saint,Paul,5464545
EMP799a@gmail.com,Mr,Saint,Paul,5464545
EMP800a@gmail.com,Mr,Saint,Paul,5464545
EMP801a@gmail.com,Mr,Saint,Paul,5464545
EMP802a@gmail.com,Mr,Saint,Paul,5464545
EMP803a@gmail.com,Mr,Saint,Paul,5464545
EMP804a@gmail.com,Mr,Saint,Paul,5464545
EMP805a@gmail.com,Mr,Saint,Paul,5464545
EMP806a@gmail.com,Mr,Saint,Paul,5464545
EMP807a@gmail.com,Mr,Saint,Paul,5464545
EMP808a@gmail.com,Mr,Saint,Paul,5464545
EMP809a@gmail.com,Mr,Saint,Paul,5464545
EMP810a@gmail.com,Mr,Saint,Paul,5464545
EMP811a@gmail.com,Mr,Saint,Paul,5464545
EMP812a@gmail.com,Mr,Saint,Paul,5464545
EMP813a@gmail.com,Mr,Saint,Paul,5464545
EMP814a@gmail.com,Mr,Saint,Paul,5464545
EMP815a@gmail.com,Mr,Saint,Paul,5464545
EMP816a@gmail.com,Mr,Saint,Paul,5464545
EMP817a@gmail.com,Mr,Saint,Paul,5464545
EMP818a@gmail.com,Mr,Saint,Paul,5464545
EMP819a@gmail.com,Mr,Saint,Paul,5464545
EMP820a@gmail.com,Mr,Saint,Paul,5464545
EMP821a@gmail.com,Mr,Saint,Paul,5464545
EMP822a@gmail.com,Mr,Saint,Paul,5464545
EMP823a@gmail.com,Mr,Saint,Paul,5464545
EMP824a@gmail.com,Mr,Saint,Paul,5464545
EMP825a@gmail.com,Mr,Saint,Paul,5464545
EMP826a@gmail.com,Mr,Saint,Paul,5464545
EMP827a@gmail.com,Mr,Saint,Paul,5464545
EMP828a@gmail.com,Mr,Saint,Paul,5464545
EMP829a@gmail.com,Mr,Saint,Paul,5464545
EMP830a@gmail.com,Mr,Saint,Paul,5464545
EMP831a@gmail.com,Mr,Saint,Paul,5464545
EMP832a@gmail.com,Mr,Saint,Paul,5464545
EMP833a@gmail.com,Mr,Saint,Paul,5464545
EMP834a@gmail.com,Mr,Saint,Paul,5464545
EMP835a@gmail.com,Mr,Saint,Paul,5464545
EMP836a@gmail.com,Mr,Saint,Paul,5464545
EMP837a@gmail.com,Mr,Saint,Paul,5464545
EMP838a@gmail.com,Mr,Saint,Paul,5464545
EMP839a@gmail.com,Mr,Saint,Paul,5464545
EMP840a@gmail.com,Mr,Saint,Paul,5464545
EMP841a@gmail.com,Mr,Saint,Paul,5464545
EMP842a@gmail.com,Mr,Saint,Paul,5464545
EMP843a@gmail.com,Mr,Saint,Paul,5464545
EMP844a@gmail.com,Mr,Saint,Paul,5464545
EMP845a@gmail.com,Mr,Saint,Paul,5464545
EMP846a@gmail.com,Mr,Saint,Paul,5464545
EMP847a@gmail.com,Mr,Saint,Paul,5464545
EMP848a@gmail.com,Mr,Saint,Paul,5464545
EMP849a@gmail.com,Mr,Saint,Paul,5464545
EMP850a@gmail.com,Mr,Saint,Paul,5464545
EMP851a@gmail.com,Mr,Saint,Paul,5464545
EMP852a@gmail.com,Mr,Saint,Paul,5464545
EMP853a@gmail.com,Mr,Saint,Paul,5464545
EMP854a@gmail.com,Mr,Saint,Paul,5464545
EMP855a@gmail.com,Mr,Saint,Paul,5464545
EMP856a@gmail.com,Mr,Saint,Paul,5464545
EMP857a@gmail.com,Mr,Saint,Paul,5464545
EMP858a@gmail.com,Mr,Saint,Paul,5464545
EMP859a@gmail.com,Mr,Saint,Paul,5464545
EMP860a@gmail.com,Mr,Saint,Paul,5464545
EMP861a@gmail.com,Mr,Saint,Paul,5464545
EMP862a@gmail.com,Mr,Saint,Paul,5464545
EMP863a@gmail.com,Mr,Saint,Paul,5464545
EMP864a@gmail.com,Mr,Saint,Paul,5464545
EMP865a@gmail.com,Mr,Saint,Paul,5464545
EMP866a@gmail.com,Mr,Saint,Paul,5464545
EMP867a@gmail.com,Mr,Saint,Paul,5464545
EMP868a@gmail.com,Mr,Saint,Paul,5464545
EMP869a@gmail.com,Mr,Saint,Paul,5464545
EMP870a@gmail.com,Mr,Saint,Paul,5464545
EMP871a@gmail.com,Mr,Saint,Paul,5464545
EMP872a@gmail.com,Mr,Saint,Paul,5464545
EMP873a@gmail.com,Mr,Saint,Paul,5464545
EMP874a@gmail.com,Mr,Saint,Paul,5464545
EMP875a@gmail.com,Mr,Saint,Paul,5464545
EMP876a@gmail.com,Mr,Saint,Paul,5464545
EMP877a@gmail.com,Mr,Saint,Paul,5464545
EMP878a@gmail.com,Mr,Saint,Paul,5464545
EMP879a@gmail.com,Mr,Saint,Paul,5464545
EMP880a@gmail.com,Mr,Saint,Paul,5464545
EMP881a@gmail.com,Mr,Saint,Paul,5464545
EMP882a@gmail.com,Mr,Saint,Paul,5464545
EMP883a@gmail.com,Mr,Saint,Paul,5464545
EMP884a@gmail.com,Mr,Saint,Paul,5464545
EMP885a@gmail.com,Mr,Saint,Paul,5464545
EMP886a@gmail.com,Mr,Saint,Paul,5464545
EMP887a@gmail.com,Mr,Saint,Paul,5464545
EMP888a@gmail.com,Mr,Saint,Paul,5464545
EMP889a@gmail.com,Mr,Saint,Paul,5464545
EMP890a@gmail.com,Mr,Saint,Paul,5464545
EMP891a@gmail.com,Mr,Saint,Paul,5464545
EMP892a@gmail.com,Mr,Saint,Paul,5464545
EMP893a@gmail.com,Mr,Saint,Paul,5464545
EMP894a@gmail.com,Mr,Saint,Paul,5464545
EMP895a@gmail.com,Mr,Saint,Paul,5464545
EMP896a@gmail.com,Mr,Saint,Paul,5464545
EMP897a@gmail.com,Mr,Saint,Paul,5464545
EMP898a@gmail.com,Mr,Saint,Paul,5464545
EMP899a@gmail.com,Mr,Saint,Paul,5464545
EMP900a@gmail.com,Mr,Saint,Paul,5464545
EMP901a@gmail.com,Mr,Saint,Paul,5464545
EMP902a@gmail.com,Mr,Saint,Paul,5464545
EMP903a@gmail.com,Mr,Saint,Paul,5464545
EMP904a@gmail.com,Mr,Saint,Paul,5464545
EMP905a@gmail.com,Mr,Saint,Paul,5464545
EMP906a@gmail.com,Mr,Saint,Paul,5464545
EMP907a@gmail.com,Mr,Saint,Paul,5464545
EMP908a@gmail.com,Mr,Saint,Paul,5464545
EMP909a@gmail.com,Mr,Saint,Paul,5464545
EMP910a@gmail.com,Mr,Saint,Paul,5464545
EMP911a@gmail.com,Mr,Saint,Paul,5464545
EMP912a@gmail.com,Mr,Saint,Paul,5464545
EMP913a@gmail.com,Mr,Saint,Paul,5464545
EMP914a@gmail.com,Mr,Saint,Paul,5464545
EMP915a@gmail.com,Mr,Saint,Paul,5464545
EMP916a@gmail.com,Mr,Saint,Paul,5464545
EMP917a@gmail.com,Mr,Saint,Paul,5464545
EMP918a@gmail.com,Mr,Saint,Paul,5464545
EMP919a@gmail.com,Mr,Saint,Paul,5464545
EMP920a@gmail.com,Mr,Saint,Paul,5464545
EMP921a@gmail.com,Mr,Saint,Paul,5464545
EMP922a@gmail.com,Mr,Saint,Paul,5464545
EMP923a@gmail.com,Mr,Saint,Paul,5464545
EMP924a@gmail.com,Mr,Saint,Paul,5464545
EMP925a@gmail.com,Mr,Saint,Paul,5464545
EMP926a@gmail.com,Mr,Saint,Paul,5464545
EMP927a@gmail.com,Mr,Saint,Paul,5464545
EMP928a@gmail.com,Mr,Saint,Paul,5464545
EMP929a@gmail.com,Mr,Saint,Paul,5464545
EMP930a@gmail.com,Mr,Saint,Paul,5464545
EMP931a@gmail.com,Mr,Saint,Paul,5464545
EMP932a@gmail.com,Mr,Saint,Paul,5464545
EMP933a@gmail.com,Mr,Saint,Paul,5464545
EMP934a@gmail.com,Mr,Saint,Paul,5464545
EMP935a@gmail.com,Mr,Saint,Paul,5464545
EMP936a@gmail.com,Mr,Saint,Paul,5464545
EMP937a@gmail.com,Mr,Saint,Paul,5464545
EMP938a@gmail.com,Mr,Saint,Paul,5464545
EMP939a@gmail.com,Mr,Saint,Paul,5464545
EMP940a@gmail.com,Mr,Saint,Paul,5464545
EMP941a@gmail.com,Mr,Saint,Paul,5464545
EMP942a@gmail.com,Mr,Saint,Paul,5464545
EMP943a@gmail.com,Mr,Saint,Paul,5464545
EMP944a@gmail.com,Mr,Saint,Paul,5464545
EMP945a@gmail.com,Mr,Saint,Paul,5464545
EMP946a@gmail.com,Mr,Saint,Paul,5464545
EMP947a@gmail.com,Mr,Saint,Paul,5464545
EMP948a@gmail.com,Mr,Saint,Paul,5464545
EMP949a@gmail.com,Mr,Saint,Paul,5464545
EMP950a@gmail.com,Mr,Saint,Paul,5464545
EMP951a@gmail.com,Mr,Saint,Paul,5464545
EMP952a@gmail.com,Mr,Saint,Paul,5464545
EMP953a@gmail.com,Mr,Saint,Paul,5464545
EMP954a@gmail.com,Mr,Saint,Paul,5464545
EMP955a@gmail.com,Mr,Saint,Paul,5464545
EMP956a@gmail.com,Mr,Saint,Paul,5464545
EMP957a@gmail.com,Mr,Saint,Paul,5464545
EMP958a@gmail.com,Mr,Saint,Paul,5464545
EMP959a@gmail.com,Mr,Saint,Paul,5464545
EMP960a@gmail.com,Mr,Saint,Paul,5464545
EMP961a@gmail.com,Mr,Saint,Paul,5464545
EMP962a@gmail.com,Mr,Saint,Paul,5464545
EMP963a@gmail.com,Mr,Saint,Paul,5464545
EMP964a@gmail.com,Mr,Saint,Paul,5464545
EMP965a@gmail.com,Mr,Saint,Paul,5464545
EMP966a@gmail.com,Mr,Saint,Paul,5464545
EMP967a@gmail.com,Mr,Saint,Paul,5464545
EMP968a@gmail.com,Mr,Saint,Paul,5464545
EMP969a@gmail.com,Mr,Saint,Paul,5464545
EMP970a@gmail.com,Mr,Saint,Paul,5464545
EMP971a@gmail.com,Mr,Saint,Paul,5464545
EMP972a@gmail.com,Mr,Saint,Paul,5464545
EMP973a@gmail.com,Mr,Saint,Paul,5464545
EMP974a@gmail.com,Mr,Saint,Paul,5464545
EMP975a@gmail.com,Mr,Saint,Paul,5464545
EMP976a@gmail.com,Mr,Saint,Paul,5464545
EMP977a@gmail.com,Mr,Saint,Paul,5464545
EMP978a@gmail.com,Mr,Saint,Paul,5464545
EMP979a@gmail.com,Mr,Saint,Paul,5464545
EMP980a@gmail.com,Mr,Saint,Paul,5464545
EMP981a@gmail.com,Mr,Saint,Paul,5464545
EMP982a@gmail.com,Mr,Saint,Paul,5464545
EMP983a@gmail.com,Mr,Saint,Paul,5464545
EMP984a@gmail.com,Mr,Saint,Paul,5464545
EMP985a@gmail.com,Mr,Saint,Paul,5464545
EMP986a@gmail.com,Mr,Saint,Paul,5464545
EMP987a@gmail.com,Mr,Saint,Paul,5464545
EMP988a@gmail.com,Mr,Saint,Paul,5464545
EMP989a@gmail.com,Mr,Saint,Paul,5464545
EMP990a@gmail.com,Mr,Saint,Paul,5464545
EMP991a@gmail.com,Mr,Saint,Paul,5464545
EMP992a@gmail.com,Mr,Saint,Paul,5464545
EMP993a@gmail.com,Mr,Saint,Paul,5464545
EMP994a@gmail.com,Mr,Saint,Paul,5464545
EMP995a@gmail.com,Mr,Saint,Paul,5464545
EMP996a@gmail.com,Mr,Saint,Paul,5464545
EMP997a@gmail.com,Mr,Saint,Paul,5464545
EMP998a@gmail.com,Mr,Saint,Paul,5464545
EMP999a@gmail.com,Mr,Saint,Paul,5464545
EMP1000a@gmail.com,Mr,Saint,Paul,5464545
